service_id,monday,tuesday,wednesday,thursday,friday,saturday,sunday,start_date,end_date
1,0,0,0,0,0,0,0,20210902,20211211
10,0,0,0,0,0,0,0,20210902,20211211
100,1,1,1,1,1,0,0,20210902,20211211
1000,1,0,0,0,0,0,0,20210902,20211211
1001,0,1,0,0,0,0,0,20210902,20211211
1002,0,0,0,0,0,0,0,20210902,20211211
1003,0,0,0,0,0,0,0,20210902,20211211
1004,0,0,0,0,0,0,0,20210902,20211211
1005,0,0,0,0,1,0,0,20210902,20211211
1006,1,1,1,1,1,1,1,20210902,20211211
1007,1,1,1,1,1,0,0,20210902,20211211
1008,0,0,0,0,0,0,1,20210902,20211211
1009,1,1,0,1,1,0,0,20210902,20211211
101,1,1,1,1,1,0,0,20210902,20211211
1010,1,1,1,1,1,1,0,20210902,20211211
1011,1,0,1,1,1,1,0,20210902,20211211
1012,1,1,1,1,1,0,0,20210902,20211211
1013,0,0,0,0,0,0,0,20210902,20211211
1014,0,0,1,0,0,0,0,20210902,20211211
1015,1,1,1,1,1,1,1,20210902,20211211
1016,0,0,0,0,0,0,0,20210902,20211211
1017,0,0,0,0,0,0,0,20210902,20211211
1018,0,0,0,0,0,1,0,20210902,20211211
1019,0,0,0,0,0,1,1,20210902,20211211
102,0,0,0,0,0,1,0,20210902,20211211
1020,1,1,1,1,1,0,0,20210902,20211211
1021,1,1,1,1,0,0,1,20210902,20211211
1022,0,0,0,0,0,0,0,20210902,20211211
1023,1,1,1,1,1,1,1,20210902,20211211
1024,1,1,1,1,1,0,0,20210902,20211211
1025,1,1,1,1,1,1,1,20210902,20211211
1026,0,0,0,0,0,1,1,20210902,20211211
1027,0,0,0,0,0,1,0,20210902,20211211
1028,1,1,1,1,1,1,0,20210902,20211211
1029,0,0,0,0,0,0,0,20210902,20211211
103,0,0,0,0,0,1,1,20210902,20211211
1030,1,1,1,0,0,1,0,20210902,20211211
1031,1,1,1,0,0,1,1,20210902,20211211
1032,0,0,0,0,0,0,0,20210902,20211211
1033,0,0,0,0,0,0,0,20210902,20211211
1034,0,0,0,0,0,0,0,20210902,20211211
1035,1,1,1,1,1,1,0,20210902,20211211
1036,1,1,1,0,0,1,0,20210902,20211211
1037,0,0,0,0,0,1,0,20210902,20211211
1038,1,1,1,1,1,1,1,20210902,20211211
1039,1,1,1,0,0,1,1,20210902,20211211
104,0,0,0,0,0,0,0,20210902,20211211
1040,0,0,0,0,0,1,1,20210902,20211211
1041,1,1,1,1,1,0,1,20210902,20211211
1042,0,0,0,0,0,0,1,20210902,20211211
1043,0,0,0,0,0,0,1,20210902,20211211
1044,1,1,1,1,1,0,1,20210902,20211211
1045,1,1,1,1,1,0,0,20210902,20211211
1046,1,1,1,1,1,0,0,20210902,20211211
1047,1,1,1,1,1,0,0,20210902,20211211
1048,1,1,1,1,1,1,0,20210902,20211211
1049,1,1,1,1,1,0,1,20210902,20211211
105,0,0,0,0,0,0,0,20210902,20211211
1050,0,0,0,0,0,0,0,20210902,20211211
1051,0,0,0,0,0,0,0,20210902,20211211
1052,1,1,1,1,1,0,0,20210902,20211211
1053,1,1,1,0,0,0,1,20210902,20211211
1054,0,0,0,0,0,0,0,20210902,20211211
1055,0,0,0,0,0,1,0,20210902,20211211
1056,0,0,0,0,0,0,1,20210902,20211211
1057,1,1,1,1,1,0,0,20210902,20211211
1058,1,1,1,1,1,1,0,20210902,20211211
1059,1,1,1,1,1,0,0,20210902,20211211
106,0,0,0,0,0,0,0,20210902,20211211
1060,0,0,0,0,0,1,1,20210902,20211211
1061,1,1,1,1,1,0,1,20210902,20211211
1062,1,1,1,1,1,0,1,20210902,20211211
1063,0,0,0,0,0,1,0,20210902,20211211
1064,1,1,1,0,0,1,0,20210902,20211211
1065,1,1,1,0,0,1,1,20210902,20211211
1066,0,0,0,0,0,0,0,20210902,20211211
1067,0,0,0,0,0,0,0,20210902,20211211
1068,0,0,0,0,0,0,0,20210902,20211211
1069,0,0,0,0,0,0,0,20210902,20211211
107,1,1,1,1,1,1,1,20210902,20211211
1070,0,0,0,0,0,0,0,20210902,20211211
1071,0,0,0,0,0,0,0,20210902,20211211
1072,0,0,0,0,0,0,0,20210902,20211211
1073,0,0,0,0,0,0,0,20210902,20211211
1074,0,0,0,0,0,0,0,20210902,20211211
1075,0,0,0,0,0,1,0,20210902,20211211
1076,1,1,1,1,0,0,0,20210902,20211211
1077,0,0,0,0,1,0,1,20210902,20211211
1078,0,0,0,0,0,0,0,20210902,20211211
1079,0,0,0,0,0,0,0,20210902,20211211
108,0,0,0,0,0,0,1,20210902,20211211
1080,0,0,0,0,0,0,0,20210902,20211211
1081,0,0,0,0,0,0,0,20210902,20211211
1082,0,0,0,0,0,0,0,20210902,20211211
1083,0,0,0,0,0,0,0,20210902,20211211
1084,0,0,0,0,0,0,0,20210902,20211211
1085,0,1,0,1,1,0,0,20210902,20211211
1086,0,0,0,0,0,1,1,20210902,20211211
1087,1,1,1,1,1,0,0,20210902,20211211
1088,0,0,0,0,0,0,0,20210902,20211211
1089,0,0,0,0,0,0,0,20210902,20211211
109,1,1,1,0,0,0,0,20210902,20211211
1090,1,1,1,1,1,0,0,20210902,20211211
1091,1,1,1,1,1,0,0,20210902,20211211
1092,1,1,1,1,1,1,1,20210902,20211211
1093,1,1,1,1,1,1,1,20210902,20211211
1094,1,1,1,1,1,1,1,20210902,20211211
1095,1,1,1,1,1,0,0,20210902,20211211
1096,0,0,0,0,0,0,0,20210902,20211211
1097,0,0,0,0,0,0,1,20210902,20211211
1098,0,1,1,1,1,0,0,20210902,20211211
1099,1,0,0,0,0,1,0,20210902,20211211
11,0,0,0,0,0,0,0,20210902,20211211
110,0,1,1,1,1,0,0,20210902,20211211
1100,0,0,0,0,0,0,0,20210902,20211211
1101,1,1,1,1,1,0,0,20210902,20211211
1102,1,1,1,1,1,1,1,20210902,20211211
1103,1,1,1,1,1,0,1,20210902,20211211
1104,1,1,1,1,1,0,0,20210902,20211211
1105,0,0,0,0,0,0,0,20210902,20211211
1106,0,0,0,0,0,0,0,20210902,20211211
1107,1,1,1,1,1,0,1,20210902,20211211
1108,0,0,0,0,0,0,0,20210902,20211211
1109,0,0,0,0,0,0,0,20210902,20211211
111,0,1,1,0,0,0,0,20210902,20211211
1110,1,1,1,1,1,1,0,20210902,20211211
1111,0,0,0,0,1,0,0,20210902,20211211
1112,1,0,1,1,1,0,0,20210902,20211211
1113,0,0,0,0,0,0,0,20210902,20211211
1114,1,1,0,1,0,0,0,20210902,20211211
1115,0,0,1,0,1,0,0,20210902,20211211
1116,0,1,0,0,0,0,0,20210902,20211211
1117,0,0,0,0,0,0,0,20210902,20211211
1118,0,0,0,0,0,1,0,20210902,20211211
1119,0,0,0,0,0,0,0,20210902,20211211
112,0,0,0,0,1,0,0,20210902,20211211
1120,0,0,0,0,0,1,1,20210902,20211211
1121,1,1,1,1,1,0,0,20210902,20211211
1122,1,1,1,1,1,0,0,20210902,20211211
1123,0,0,0,0,0,1,1,20210902,20211211
1124,1,1,1,0,1,0,0,20210902,20211211
1125,0,0,0,1,0,0,0,20210902,20211211
1126,0,0,0,1,1,0,0,20210902,20211211
1127,1,1,1,0,0,0,0,20210902,20211211
1128,0,0,0,1,1,0,0,20210902,20211211
1129,0,0,0,0,0,0,0,20210902,20211211
113,1,1,1,1,1,0,0,20210902,20211211
1130,1,1,1,1,1,1,1,20210902,20211211
1131,0,0,0,0,0,0,0,20210902,20211211
1132,1,1,1,1,1,0,0,20210902,20211211
1133,1,1,1,1,1,1,0,20210902,20211211
1134,0,0,0,0,0,0,1,20210902,20211211
1135,0,0,0,0,0,1,0,20210902,20211211
1136,1,1,1,1,1,0,1,20210902,20211211
1137,1,1,1,1,1,0,1,20210902,20211211
1138,0,0,0,0,0,0,0,20210902,20211211
1139,0,0,0,0,0,0,0,20210902,20211211
114,0,0,0,0,0,1,1,20210902,20211211
1140,0,0,0,0,0,0,0,20210902,20211211
1141,0,0,0,0,0,0,0,20210902,20211211
1142,0,0,0,0,0,0,0,20210902,20211211
1143,0,0,0,0,0,0,0,20210902,20211211
1144,0,0,0,0,0,0,0,20210902,20211211
1145,0,0,0,0,0,0,0,20210902,20211211
1146,0,0,0,0,0,0,0,20210902,20211211
1147,0,0,0,0,0,0,0,20210902,20211211
1148,0,0,0,0,0,0,0,20210902,20211211
1149,0,0,0,0,0,0,0,20210902,20211211
115,0,0,0,0,0,1,0,20210902,20211211
1150,0,0,0,0,0,0,0,20210902,20211211
1151,1,1,1,0,0,0,0,20210902,20211211
1152,0,0,0,0,0,0,0,20210902,20211211
1153,0,0,0,0,0,0,0,20210902,20211211
1154,1,1,1,0,0,0,0,20210902,20211211
1155,0,0,0,0,0,0,0,20210902,20211211
1156,0,0,0,0,0,0,0,20210902,20211211
1157,1,1,1,0,0,0,0,20210902,20211211
1158,0,0,0,0,0,0,0,20210902,20211211
1159,0,0,0,0,0,0,0,20210902,20211211
116,0,0,0,0,0,0,1,20210902,20211211
1160,0,0,0,0,0,0,0,20210902,20211211
1161,0,0,0,0,0,0,0,20210902,20211211
1162,0,0,0,0,0,0,0,20210902,20211211
1163,0,0,0,0,0,0,0,20210902,20211211
1164,0,0,0,0,0,0,0,20210902,20211211
1165,0,0,0,0,0,0,0,20210902,20211211
1166,0,0,0,0,0,0,0,20210902,20211211
1167,0,0,0,0,0,0,0,20210902,20211211
1168,1,1,1,0,0,0,0,20210902,20211211
1169,0,0,0,0,0,0,0,20210902,20211211
117,0,0,0,0,0,0,0,20210902,20211211
1170,0,0,0,0,0,0,0,20210902,20211211
1171,1,1,1,1,1,1,0,20210902,20211211
1172,1,1,1,1,1,1,1,20210902,20211211
1173,1,1,1,1,1,0,0,20210902,20211211
1174,1,1,1,1,1,0,1,20210902,20211211
1175,1,1,1,1,1,1,1,20210902,20211211
1176,0,0,0,0,0,0,0,20210902,20211211
1177,0,0,0,0,0,0,0,20210902,20211211
1178,0,0,0,0,0,0,0,20210902,20211211
1179,1,1,1,1,1,0,0,20210902,20211211
118,0,0,0,0,0,0,0,20210902,20211211
1180,0,0,0,0,0,0,0,20210902,20211211
1181,1,1,1,1,1,1,1,20210902,20211211
1182,1,1,1,1,1,1,1,20210902,20211211
1183,0,0,0,0,0,0,0,20210902,20211211
1184,0,0,0,0,0,0,0,20210902,20211211
1185,0,0,0,0,0,0,0,20210902,20211211
1186,0,0,0,0,0,0,1,20210902,20211211
1187,0,0,0,0,0,0,0,20210902,20211211
1188,0,0,0,0,0,0,0,20210902,20211211
1189,0,0,0,0,0,0,0,20210902,20211211
119,1,1,1,1,1,0,0,20210902,20211211
1190,0,0,0,0,0,0,0,20210902,20211211
1191,0,0,0,0,0,0,0,20210902,20211211
1192,0,0,0,0,0,0,0,20210902,20211211
1193,1,1,1,0,0,0,0,20210902,20211211
1194,0,0,0,0,0,0,0,20210902,20211211
1195,0,0,0,0,0,0,0,20210902,20211211
1196,0,0,0,0,0,0,0,20210902,20211211
1197,0,0,0,0,0,0,0,20210902,20211211
1198,0,0,0,0,0,0,0,20210902,20211211
1199,0,0,0,0,0,0,0,20210902,20211211
12,0,0,0,0,0,0,0,20210902,20211211
120,0,0,0,0,0,0,0,20210902,20211211
1200,1,1,1,1,1,1,1,20210902,20211211
1201,0,0,0,0,0,0,0,20210902,20211211
1202,0,0,0,0,0,0,0,20210902,20211211
1203,1,1,1,1,1,1,0,20210902,20211211
1204,0,0,0,0,0,0,0,20210902,20211211
1205,0,0,0,0,0,0,0,20210902,20211211
1206,1,1,1,1,1,0,0,20210902,20211211
1207,1,1,1,1,1,1,1,20210902,20211211
1208,1,1,1,1,1,1,1,20210902,20211211
1209,0,0,0,0,0,0,0,20210902,20211211
121,0,0,0,0,0,0,0,20210902,20211211
1210,0,0,0,0,0,0,0,20210902,20211211
1211,1,1,1,1,1,0,0,20210902,20211211
1212,0,0,0,0,0,0,0,20210902,20211211
1213,1,1,1,1,1,1,1,20210902,20211211
1214,1,1,1,1,1,0,0,20210902,20211211
1215,1,1,1,1,1,1,1,20210902,20211211
1216,1,1,1,1,1,0,0,20210902,20211211
1217,1,1,1,1,1,0,0,20210902,20211211
1218,0,0,0,0,0,0,0,20210902,20211211
1219,1,1,1,1,1,0,0,20210902,20211211
122,0,0,0,0,1,1,0,20210902,20211211
1220,1,1,1,1,1,1,1,20210902,20211211
1221,1,1,1,1,1,1,1,20210902,20211211
1222,0,0,0,0,0,0,0,20210902,20211211
1223,1,1,1,1,1,1,1,20210902,20211211
1224,0,0,0,0,0,0,0,20210902,20211211
1225,1,1,1,1,1,0,0,20210902,20211211
1226,1,1,1,1,1,1,1,20210902,20211211
1227,1,1,1,1,1,1,0,20210902,20211211
1228,0,0,0,0,0,0,0,20210902,20211211
1229,0,0,0,0,0,0,1,20210902,20211211
123,1,1,1,1,1,1,1,20210902,20211211
1230,1,1,1,1,1,1,1,20210902,20211211
1231,1,1,1,1,1,1,1,20210902,20211211
1232,1,1,1,1,1,0,0,20210902,20211211
1233,1,1,1,1,1,1,1,20210902,20211211
1234,1,1,1,1,1,1,1,20210902,20211211
1235,1,1,1,1,1,1,1,20210902,20211211
1236,1,1,1,1,1,0,0,20210902,20211211
1237,0,0,0,0,0,0,0,20210902,20211211
1238,1,1,1,1,1,0,0,20210902,20211211
1239,0,0,0,0,0,0,0,20210902,20211211
124,0,0,0,0,1,1,1,20210902,20211211
1240,1,1,1,1,1,1,1,20210902,20211211
1241,1,1,1,1,1,1,1,20210902,20211211
1242,1,1,1,1,1,0,0,20210902,20211211
1243,1,1,1,1,1,1,1,20210902,20211211
1244,1,1,1,1,1,1,1,20210902,20211211
1245,0,0,0,0,0,0,0,20210902,20211211
1246,0,0,0,0,0,1,1,20210902,20211211
1247,0,0,0,1,0,0,0,20210902,20211211
1248,1,1,1,0,1,0,0,20210902,20211211
1249,0,0,0,0,1,0,0,20210902,20211211
125,0,0,0,0,0,0,0,20210902,20211211
1250,0,0,0,0,0,1,1,20210902,20211211
1251,1,1,1,1,1,0,0,20210902,20211211
1252,1,1,1,1,1,0,0,20210902,20211211
1253,1,1,1,1,0,0,0,20210902,20211211
1254,0,0,0,0,1,0,0,20210902,20211211
1255,0,0,0,0,0,0,0,20210902,20211211
1256,0,1,0,1,0,0,0,20210902,20211211
1257,0,0,0,0,0,0,0,20210902,20211211
1258,1,0,1,0,1,0,0,20210902,20211211
1259,0,1,0,1,0,0,0,20210902,20211211
126,0,0,0,0,0,0,0,20210902,20211211
1260,1,1,1,1,0,0,0,20210902,20211211
1261,0,1,0,1,0,0,0,20210902,20211211
1262,1,1,0,0,0,0,0,20210902,20211211
1263,1,0,1,0,0,0,0,20210902,20211211
1264,1,0,1,0,0,0,0,20210902,20211211
1265,1,1,1,1,1,1,1,20210902,20211211
1266,0,0,0,0,0,0,0,20210902,20211211
1267,0,0,1,1,0,0,0,20210902,20211211
1268,1,1,0,0,1,0,0,20210902,20211211
1269,1,1,1,1,1,0,0,20210902,20211211
127,0,1,0,0,0,0,0,20210902,20211211
1270,0,0,0,0,0,0,0,20210902,20211211
1271,0,0,0,0,0,0,0,20210902,20211211
1272,0,1,0,0,1,0,0,20210902,20211211
1273,1,1,1,1,1,0,0,20210902,20211211
1274,0,0,0,0,0,0,0,20210902,20211211
1275,0,0,0,0,0,0,0,20210902,20211211
1276,1,1,1,1,1,0,0,20210902,20211211
1277,0,0,0,0,0,0,0,20210902,20211211
1278,0,0,0,0,0,0,0,20210902,20211211
1279,0,1,0,0,1,0,0,20210902,20211211
128,1,0,1,0,1,0,0,20210902,20211211
1280,1,1,0,1,1,0,0,20210902,20211211
1281,1,1,1,1,1,0,0,20210902,20211211
1282,0,0,0,0,0,0,0,20210902,20211211
1283,0,0,0,0,0,1,1,20210902,20211211
1284,1,1,1,1,1,1,1,20210902,20211211
1285,1,1,1,1,1,0,0,20210902,20211211
1286,0,0,0,0,0,0,0,20210902,20211211
1287,0,1,0,1,0,0,0,20210902,20211211
1288,0,0,0,0,0,0,0,20210902,20211211
1289,0,0,0,0,1,0,0,20210902,20211211
129,0,1,0,1,0,0,0,20210902,20211211
1290,1,1,1,1,0,0,0,20210902,20211211
1291,0,0,0,0,0,0,0,20210902,20211211
1292,0,0,0,1,0,0,0,20210902,20211211
1293,1,1,1,1,1,0,0,20210902,20211211
1294,1,1,1,1,1,0,0,20210902,20211211
1295,1,1,0,1,1,0,0,20210902,20211211
1296,0,0,0,0,0,0,0,20210902,20211211
1297,1,1,1,1,1,0,0,20210902,20211211
1298,1,1,1,1,1,0,0,20210902,20211211
1299,0,0,0,0,0,0,0,20210902,20211211
13,0,0,0,0,0,0,0,20210902,20211211
130,1,0,1,0,0,0,0,20210902,20211211
1300,0,0,0,0,0,0,0,20210902,20211211
1301,0,0,0,0,0,0,0,20210902,20211211
1302,0,0,0,0,0,1,1,20210902,20211211
1303,0,0,0,0,0,0,0,20210902,20211211
1304,0,0,0,0,0,1,0,20210902,20211211
1305,0,0,0,0,0,0,1,20210902,20211211
1306,0,0,0,0,0,0,0,20210902,20211211
1307,0,0,0,0,0,0,0,20210902,20211211
1308,0,0,0,0,0,0,0,20210902,20211211
1309,0,0,0,0,0,0,0,20210902,20211211
131,0,0,0,0,0,1,0,20210902,20211211
1310,0,0,0,0,0,0,0,20210902,20211211
1311,0,0,0,0,0,1,0,20210902,20211211
1312,0,0,0,0,0,0,0,20210902,20211211
1313,0,0,0,0,0,0,0,20210902,20211211
1314,0,0,0,0,0,0,0,20210902,20211211
1315,0,0,0,0,0,0,0,20210902,20211211
1316,0,0,0,0,0,0,0,20210902,20211211
1317,0,0,0,0,0,0,0,20210902,20211211
1318,0,0,0,0,0,0,0,20210902,20211211
1319,0,0,0,0,0,0,0,20210902,20211211
132,0,0,0,0,0,1,1,20210902,20211211
1320,0,0,0,0,0,0,0,20210902,20211211
1321,0,0,0,0,0,0,0,20210902,20211211
1322,1,1,1,1,0,0,1,20210902,20211211
1323,0,0,0,0,0,0,0,20210902,20211211
1324,0,0,0,0,0,0,0,20210902,20211211
1325,1,1,1,1,0,0,1,20210902,20211211
1326,1,1,1,1,1,0,0,20210902,20211211
1327,0,0,0,0,0,0,0,20210902,20211211
1328,1,1,1,1,1,0,0,20210902,20211211
1329,0,0,0,0,0,0,0,20210902,20211211
133,0,0,1,0,0,0,0,20210902,20211211
1330,1,1,1,1,1,1,1,20210902,20211211
1331,1,1,1,1,1,1,1,20210902,20211211
1332,1,1,1,1,1,0,0,20210902,20211211
1333,0,0,0,0,0,0,0,20210902,20211211
1334,0,0,0,0,0,1,0,20210902,20211211
1335,1,1,1,1,1,1,1,20210902,20211211
1336,1,1,1,1,0,0,1,20210902,20211211
1337,1,1,1,1,1,0,0,20210902,20211211
1338,1,1,1,1,1,1,0,20210902,20211211
1339,0,0,0,0,0,0,0,20210902,20211211
134,0,0,0,0,0,0,0,20210902,20211211
1340,1,1,1,1,1,0,0,20210902,20211211
1341,1,1,1,1,1,1,0,20210902,20211211
1342,0,0,0,0,0,0,0,20210902,20211211
1343,0,0,0,0,0,0,0,20210902,20211211
1344,0,0,0,0,0,0,0,20210902,20211211
1345,0,0,0,0,0,0,1,20210902,20211211
1346,0,0,0,0,0,0,0,20210902,20211211
1347,0,0,0,0,0,1,0,20210902,20211211
1348,1,1,1,1,1,0,0,20210902,20211211
1349,0,0,0,0,0,0,0,20210902,20211211
135,0,0,0,0,0,0,0,20210902,20211211
1350,0,0,0,0,0,0,1,20210902,20211211
1351,1,1,1,1,1,0,1,20210902,20211211
1352,1,1,1,1,0,0,1,20210902,20211211
1353,1,1,1,1,1,0,0,20210902,20211211
1354,1,1,1,1,1,1,0,20210902,20211211
1355,1,1,1,1,1,1,1,20210902,20211211
1356,0,0,0,0,1,1,0,20210902,20211211
1357,1,1,1,1,0,1,1,20210902,20211211
1358,0,0,0,0,0,0,0,20210902,20211211
1359,0,0,0,0,0,0,0,20210902,20211211
136,0,0,1,0,0,0,0,20210902,20211211
1360,0,0,0,0,0,0,0,20210902,20211211
1361,0,0,0,0,0,0,0,20210902,20211211
1362,0,0,0,0,0,0,0,20210902,20211211
1363,0,0,0,0,0,0,0,20210902,20211211
1364,0,0,0,0,0,0,0,20210902,20211211
1365,0,0,0,0,0,0,0,20210902,20211211
1366,1,1,1,0,1,0,0,20210902,20211211
1367,0,0,0,0,0,1,0,20210902,20211211
1368,0,0,0,0,0,1,1,20210902,20211211
1369,0,0,0,0,1,0,0,20210902,20211211
137,1,1,1,1,1,0,0,20210902,20211211
1370,1,1,1,1,0,1,1,20210902,20211211
1371,0,0,0,0,1,1,1,20210902,20211211
1372,1,1,1,1,0,1,1,20210902,20211211
1373,0,0,0,0,1,1,1,20210902,20211211
1374,0,0,0,0,1,1,0,20210902,20211211
1375,0,0,0,0,0,0,0,20210902,20211211
1376,1,1,1,1,0,0,0,20210902,20211211
1377,1,1,1,1,1,1,1,20210902,20211211
1378,1,1,1,1,0,0,1,20210902,20211211
1379,1,1,1,1,0,0,0,20210902,20211211
138,0,0,0,0,0,0,0,20210902,20211211
1380,0,0,0,0,1,1,1,20210902,20211211
1381,0,0,0,0,0,0,0,20210902,20211211
1382,0,0,0,0,0,0,0,20210902,20211211
1383,0,0,0,0,0,0,0,20210902,20211211
1384,0,0,0,0,0,0,0,20210902,20211211
1385,0,0,0,0,0,0,0,20210902,20211211
1386,0,0,0,0,0,0,0,20210902,20211211
1387,1,1,1,1,1,1,0,20210902,20211211
1388,0,0,0,0,0,1,0,20210902,20211211
1389,0,0,0,0,0,0,0,20210902,20211211
139,0,0,0,0,0,0,1,20210902,20211211
1390,0,0,0,0,0,0,0,20210902,20211211
1391,0,0,0,0,0,0,0,20210902,20211211
1392,0,0,0,0,0,1,0,20210902,20211211
1393,1,1,1,1,1,1,1,20210902,20211211
1394,1,1,1,1,0,1,1,20210902,20211211
1395,0,0,0,0,0,1,1,20210902,20211211
1396,1,1,1,1,1,0,0,20210902,20211211
1397,0,0,0,0,0,1,1,20210902,20211211
1398,1,1,1,1,1,1,1,20210902,20211211
1399,1,1,1,1,1,1,0,20210902,20211211
14,0,0,0,0,0,0,0,20210902,20211211
140,0,0,0,0,0,0,0,20210902,20211211
1400,1,1,1,1,1,1,1,20210902,20211211
1401,1,1,1,1,1,1,0,20210902,20211211
1402,1,1,1,1,0,1,1,20210902,20211211
1403,0,0,0,0,0,1,1,20210902,20211211
1404,1,1,1,1,0,0,0,20210902,20211211
1405,1,1,1,0,1,0,0,20210902,20211211
1406,0,0,0,0,0,1,1,20210902,20211211
1407,1,1,1,1,0,1,1,20210902,20211211
1408,0,0,0,0,0,1,1,20210902,20211211
1409,0,0,0,0,1,1,1,20210902,20211211
141,0,0,0,0,0,0,0,20210902,20211211
1410,1,1,1,0,1,1,0,20210902,20211211
1411,0,0,0,0,0,0,0,20210902,20211211
1412,0,0,0,0,0,0,0,20210902,20211211
1413,1,1,1,1,0,0,1,20210902,20211211
1414,0,0,0,0,0,1,1,20210902,20211211
1415,0,0,0,0,0,0,0,20210902,20211211
1416,0,0,0,0,0,0,0,20210902,20211211
1417,0,0,0,0,0,0,0,20210902,20211211
1418,0,0,0,0,0,0,0,20210902,20211211
1419,0,0,0,0,0,0,0,20210902,20211211
142,0,0,0,0,0,0,0,20210902,20211211
1420,0,0,0,0,0,0,0,20210902,20211211
1421,0,0,0,0,0,0,0,20210902,20211211
1422,0,0,0,0,0,0,0,20210902,20211211
1423,0,0,0,0,0,0,0,20210902,20211211
1424,0,0,0,0,0,0,0,20210902,20211211
1425,0,0,0,0,0,0,0,20210902,20211211
1426,0,0,0,0,0,0,0,20210902,20211211
1427,0,0,0,0,0,0,0,20210902,20211211
1428,0,0,0,0,0,0,0,20210902,20211211
1429,0,0,0,0,0,0,0,20210902,20211211
143,0,0,0,0,1,0,0,20210902,20211211
1430,0,0,0,0,0,0,0,20210902,20211211
1431,0,0,0,0,0,0,0,20210902,20211211
1432,0,0,0,0,0,0,0,20210902,20211211
1433,0,0,0,0,0,0,0,20210902,20211211
1434,0,0,0,0,0,0,0,20210902,20211211
1435,0,0,0,0,0,0,0,20210902,20211211
1436,0,0,0,0,0,0,0,20210902,20211211
1437,1,1,1,1,1,0,0,20210902,20211211
1438,1,1,1,1,0,0,1,20210902,20211211
1439,0,0,0,0,0,0,0,20210902,20211211
144,1,1,1,1,0,0,0,20210902,20211211
1440,0,0,0,0,0,0,0,20210902,20211211
1441,0,0,0,0,0,0,0,20210902,20211211
1442,0,0,0,0,0,1,0,20210902,20211211
1443,1,1,1,1,1,1,1,20210902,20211211
1444,0,0,0,0,0,1,1,20210902,20211211
1445,1,1,1,1,1,1,1,20210902,20211211
1446,0,0,0,0,0,0,0,20210902,20211211
1447,0,0,0,0,0,0,0,20210902,20211211
1448,0,0,0,0,0,0,0,20210902,20211211
1449,0,0,0,0,0,0,0,20210902,20211211
145,1,0,0,1,0,0,0,20210902,20211211
1450,0,0,0,0,0,0,0,20210902,20211211
1451,0,0,0,0,0,0,0,20210902,20211211
1452,0,0,0,0,0,0,0,20210902,20211211
1453,0,0,0,0,0,0,0,20210902,20211211
1454,0,0,0,0,0,0,0,20210902,20211211
1455,0,0,0,0,0,0,0,20210902,20211211
1456,0,0,0,0,0,0,0,20210902,20211211
1457,0,0,0,0,0,0,0,20210902,20211211
1458,0,0,0,0,0,0,0,20210902,20211211
1459,0,0,0,0,0,0,0,20210902,20211211
146,1,0,0,1,0,0,0,20210902,20211211
1460,0,0,0,0,0,0,0,20210902,20211211
1461,0,0,0,0,0,0,0,20210902,20211211
1462,0,0,0,0,0,0,0,20210902,20211211
1463,0,0,0,0,0,0,0,20210902,20211211
1464,0,0,0,0,0,0,0,20210902,20211211
1465,0,0,0,0,0,0,0,20210902,20211211
1466,0,0,0,0,0,0,0,20210902,20211211
1467,0,0,0,0,0,0,0,20210902,20211211
1468,0,0,0,0,0,0,0,20210902,20211211
1469,0,0,0,0,0,0,0,20210902,20211211
147,0,0,0,0,0,0,0,20210902,20211211
1470,0,0,0,0,0,0,0,20210902,20211211
1471,0,0,0,0,0,0,0,20210902,20211211
1472,0,0,0,0,0,0,0,20210902,20211211
1473,0,0,0,0,0,0,0,20210902,20211211
1474,0,0,0,0,0,0,0,20210902,20211211
1475,0,0,0,0,0,0,0,20210902,20211211
1476,0,0,0,0,0,0,0,20210902,20211211
1477,0,0,0,0,0,0,0,20210902,20211211
1478,0,0,0,0,0,0,0,20210902,20211211
1479,0,0,0,0,0,0,0,20210902,20211211
148,0,1,0,0,1,0,0,20210902,20211211
1480,0,0,0,0,0,0,0,20210902,20211211
1481,0,0,0,0,0,0,0,20210902,20211211
1482,1,1,1,1,0,1,0,20210902,20211211
1483,0,0,0,0,0,0,0,20210902,20211211
1484,0,0,0,0,0,0,0,20210902,20211211
1485,0,0,0,0,0,0,0,20210902,20211211
1486,0,0,0,0,0,0,0,20210902,20211211
1487,0,0,0,0,0,0,0,20210902,20211211
1488,0,0,0,0,0,0,0,20210902,20211211
1489,0,0,0,0,0,0,0,20210902,20211211
149,0,0,0,0,0,0,0,20210902,20211211
1490,0,0,0,0,0,0,0,20210902,20211211
1491,0,0,0,0,0,0,0,20210902,20211211
1492,0,0,0,0,0,0,0,20210902,20211211
1493,0,0,0,0,0,0,0,20210902,20211211
1494,0,0,0,0,0,0,0,20210902,20211211
1495,0,0,0,0,0,0,0,20210902,20211211
1496,0,0,0,0,0,0,0,20210902,20211211
1497,0,0,0,0,0,0,0,20210902,20211211
1498,0,0,0,0,0,0,0,20210902,20211211
1499,0,0,0,0,0,0,0,20210902,20211211
15,1,1,1,1,1,0,0,20210902,20211211
150,0,0,1,0,0,0,0,20210902,20211211
1500,0,0,0,0,0,0,0,20210902,20211211
1501,0,0,0,0,0,0,0,20210902,20211211
1502,0,0,0,0,0,0,0,20210902,20211211
1503,0,0,0,0,0,0,0,20210902,20211211
1504,0,0,0,0,0,0,0,20210902,20211211
1505,0,0,0,0,0,0,0,20210902,20211211
1506,0,0,0,0,0,0,0,20210902,20211211
1507,0,0,0,0,0,0,0,20210902,20211211
1508,0,0,0,0,0,0,0,20210902,20211211
1509,0,0,0,0,0,0,0,20210902,20211211
151,0,1,0,1,0,0,0,20210902,20211211
1510,0,0,0,0,0,0,0,20210902,20211211
1511,0,0,0,0,0,0,0,20210902,20211211
1512,0,0,0,0,0,0,0,20210902,20211211
1513,0,0,0,0,0,0,0,20210902,20211211
1514,0,0,0,0,0,0,0,20210902,20211211
1515,0,0,0,0,0,0,0,20210902,20211211
1516,0,0,0,0,0,0,0,20210902,20211211
1517,0,0,0,0,0,0,0,20210902,20211211
1518,0,0,0,0,0,0,0,20210902,20211211
1519,0,0,0,0,0,0,0,20210902,20211211
152,0,0,1,0,0,0,0,20210902,20211211
1520,0,0,0,0,0,0,0,20210902,20211211
1521,0,0,0,0,0,0,0,20210902,20211211
1522,0,0,0,0,0,0,0,20210902,20211211
1523,0,0,0,0,0,0,0,20210902,20211211
1524,0,0,0,0,0,0,0,20210902,20211211
1525,0,0,0,0,0,0,0,20210902,20211211
1526,0,0,0,0,0,0,0,20210902,20211211
1527,0,0,0,0,0,0,0,20210902,20211211
1528,0,0,0,0,0,0,0,20210902,20211211
1529,0,0,0,0,0,0,0,20210902,20211211
153,0,0,0,1,0,0,0,20210902,20211211
1530,0,1,1,1,1,1,1,20210902,20211211
1531,0,0,0,0,0,0,0,20210902,20211211
1532,1,1,1,1,1,0,0,20210902,20211211
1533,1,1,1,1,1,1,1,20210902,20211211
1534,1,1,1,1,1,1,1,20210902,20211211
1535,0,0,0,0,0,0,0,20210902,20211211
1536,0,0,0,0,0,0,0,20210902,20211211
1537,0,0,0,0,0,0,0,20210902,20211211
1538,0,0,0,0,0,0,0,20210902,20211211
1539,0,0,0,0,0,0,0,20210902,20211211
154,1,1,1,1,1,1,0,20210902,20211211
1540,0,0,0,0,0,0,0,20210902,20211211
1541,0,0,0,0,0,0,0,20210902,20211211
1542,0,0,0,0,0,0,0,20210902,20211211
1543,1,1,1,1,0,0,0,20210902,20211211
1544,1,1,0,0,0,0,0,20210902,20211211
1545,0,0,0,0,0,0,0,20210902,20211211
1546,0,0,0,0,0,1,0,20210902,20211211
1547,0,0,0,0,0,0,0,20210902,20211211
1548,0,0,0,0,0,0,0,20210902,20211211
1549,0,0,0,0,0,0,0,20210902,20211211
155,1,0,0,0,0,0,0,20210902,20211211
1550,0,0,0,0,0,0,0,20210902,20211211
1551,0,0,0,0,0,0,0,20210902,20211211
1552,0,0,0,0,0,0,0,20210902,20211211
1553,0,0,0,0,0,0,0,20210902,20211211
1554,0,0,0,0,0,0,0,20210902,20211211
1555,0,0,0,0,0,0,0,20210902,20211211
1556,0,0,0,0,0,0,0,20210902,20211211
1557,0,0,0,0,0,0,0,20210902,20211211
1558,0,0,0,0,0,0,0,20210902,20211211
1559,0,0,0,0,0,0,0,20210902,20211211
156,0,1,1,1,1,0,0,20210902,20211211
1560,0,0,0,0,0,0,0,20210902,20211211
1561,0,0,0,0,0,0,0,20210902,20211211
1562,0,0,0,0,0,0,0,20210902,20211211
1563,0,0,0,0,0,0,0,20210902,20211211
1564,0,0,0,0,0,0,0,20210902,20211211
1565,0,0,0,0,0,0,0,20210902,20211211
1566,0,0,0,0,0,0,0,20210902,20211211
1567,0,0,0,0,0,0,0,20210902,20211211
1568,0,0,0,0,0,0,0,20210902,20211211
1569,0,0,0,0,0,0,0,20210902,20211211
157,1,0,1,0,1,0,0,20210902,20211211
1570,0,0,0,0,0,0,0,20210902,20211211
1571,0,0,0,0,0,0,0,20210902,20211211
1572,0,0,0,0,0,0,0,20210902,20211211
1573,0,0,0,0,0,0,0,20210902,20211211
1574,0,0,0,0,0,0,0,20210902,20211211
1575,0,0,0,0,0,0,0,20210902,20211211
1576,0,0,0,0,0,0,0,20210902,20211211
1577,0,0,0,0,0,0,0,20210902,20211211
1578,0,0,0,0,0,0,0,20210902,20211211
1579,0,0,0,0,0,0,0,20210902,20211211
158,1,1,1,0,0,0,0,20210902,20211211
1580,0,0,0,0,0,0,0,20210902,20211211
1581,0,0,0,0,0,0,0,20210902,20211211
1582,0,0,0,0,0,0,0,20210902,20211211
1583,0,0,0,0,0,0,0,20210902,20211211
1584,0,0,0,0,0,0,0,20210902,20211211
1585,0,0,0,0,0,0,0,20210902,20211211
1586,0,0,0,0,0,0,0,20210902,20211211
1587,0,0,0,0,0,0,0,20210902,20211211
1588,0,0,0,0,0,0,0,20210902,20211211
1589,0,0,0,0,0,0,0,20210902,20211211
159,0,0,0,0,0,0,0,20210902,20211211
1590,0,0,0,0,0,0,0,20210902,20211211
1591,0,0,0,0,0,0,0,20210902,20211211
1592,0,0,0,0,0,0,0,20210902,20211211
1593,0,0,0,0,0,0,0,20210902,20211211
1594,0,0,0,0,0,0,0,20210902,20211211
1595,0,0,0,0,0,0,0,20210902,20211211
1596,0,0,0,0,0,0,0,20210902,20211211
1597,0,0,0,0,0,0,0,20210902,20211211
1598,0,0,0,0,0,0,0,20210902,20211211
1599,0,0,0,0,0,0,0,20210902,20211211
16,1,1,1,0,0,0,0,20210902,20211211
160,1,1,1,1,1,0,0,20210902,20211211
1600,0,0,0,0,0,0,0,20210902,20211211
1601,0,0,0,0,0,0,0,20210902,20211211
1602,0,0,0,0,0,0,0,20210902,20211211
1603,0,0,0,0,0,0,0,20210902,20211211
1604,1,1,1,1,1,0,0,20210902,20211211
1605,1,1,1,1,1,0,0,20210902,20211211
1606,1,1,1,1,1,0,0,20210902,20211211
1607,0,0,0,0,0,0,1,20210902,20211211
1608,0,0,0,0,0,0,0,20210902,20211211
1609,0,0,0,0,0,0,0,20210902,20211211
161,1,1,1,0,0,0,0,20210902,20211211
1610,0,0,0,0,0,0,0,20210902,20211211
1611,0,0,0,0,0,0,0,20210902,20211211
1612,0,0,0,0,0,0,0,20210902,20211211
1613,0,0,0,0,0,0,0,20210902,20211211
1614,0,0,0,0,0,0,0,20210902,20211211
1615,0,0,0,0,0,0,0,20210902,20211211
1616,0,0,0,0,0,0,0,20210902,20211211
1617,0,0,0,0,0,0,0,20210902,20211211
1618,0,0,0,0,0,0,0,20210902,20211211
1619,0,0,0,0,0,0,0,20210902,20211211
162,0,0,0,0,0,0,0,20210902,20211211
1620,0,0,0,0,0,0,0,20210902,20211211
1621,0,0,0,0,0,0,0,20210902,20211211
1622,0,0,0,0,0,0,0,20210902,20211211
1623,0,0,0,0,0,0,0,20210902,20211211
1624,0,0,0,0,0,0,0,20210902,20211211
1625,0,0,0,0,0,0,0,20210902,20211211
1626,0,0,0,0,0,0,0,20210902,20211211
1627,0,0,0,0,0,0,0,20210902,20211211
1628,0,0,0,0,0,0,0,20210902,20211211
1629,0,0,0,0,0,0,0,20210902,20211211
163,0,0,0,0,1,0,0,20210902,20211211
1630,0,0,0,0,0,0,0,20210902,20211211
1631,0,0,0,0,0,0,0,20210902,20211211
1632,0,0,0,0,0,0,0,20210902,20211211
1633,0,0,0,0,0,0,0,20210902,20211211
1634,0,0,0,0,0,0,0,20210902,20211211
1635,1,1,1,1,1,1,1,20210902,20211211
1636,0,0,0,0,0,0,0,20210902,20211211
1637,0,0,0,0,0,0,0,20210902,20211211
1638,1,1,1,1,0,0,1,20210902,20211211
1639,0,0,0,0,0,0,0,20210902,20211211
164,0,0,0,0,0,0,0,20210902,20211211
1640,1,1,1,1,1,0,0,20210902,20211211
1641,1,1,1,1,1,0,0,20210902,20211211
1642,0,0,0,0,0,1,0,20210902,20211211
1643,0,0,0,0,0,0,0,20210902,20211211
1644,1,1,1,1,1,0,0,20210902,20211211
1645,0,0,0,0,0,0,0,20210902,20211211
1646,0,0,0,0,0,0,0,20210902,20211211
1647,0,0,0,0,0,0,0,20210902,20211211
1648,0,0,0,0,0,1,0,20210902,20211211
1649,0,0,0,0,0,1,1,20210902,20211211
165,0,0,0,0,0,0,0,20210902,20211211
1650,1,0,0,1,1,0,0,20210902,20211211
1651,0,0,0,0,0,0,0,20210902,20211211
1652,1,0,1,1,0,0,0,20210902,20211211
1653,0,0,0,0,0,1,1,20210902,20211211
1654,1,0,1,1,0,1,0,20210902,20211211
1655,1,1,1,1,1,1,1,20210902,20211211
1656,0,0,0,0,0,0,0,20210902,20211211
1657,1,0,1,0,0,1,0,20210902,20211211
1658,0,0,0,0,0,1,1,20210902,20211211
1659,0,0,0,0,0,0,0,20210902,20211211
166,0,1,0,0,0,0,0,20210902,20211211
1660,1,0,1,0,1,1,0,20210902,20211211
167,0,0,0,0,0,0,0,20210902,20211211
168,0,0,0,0,0,1,1,20210902,20211211
169,0,0,0,0,0,0,0,20210902,20211211
17,0,0,0,0,0,0,0,20210902,20211211
170,0,0,0,0,0,0,0,20210902,20211211
171,0,0,0,0,0,1,0,20210902,20211211
172,0,0,0,0,1,0,0,20210902,20211211
173,0,0,0,0,0,0,0,20210902,20211211
174,0,0,0,0,0,0,0,20210902,20211211
175,1,1,1,1,0,0,0,20210902,20211211
176,0,0,0,0,0,0,0,20210902,20211211
177,0,1,1,1,0,0,0,20210902,20211211
178,0,0,0,0,0,0,0,20210902,20211211
179,0,0,0,0,0,1,1,20210902,20211211
18,0,0,0,0,0,0,0,20210902,20211211
180,1,1,1,1,1,1,1,20210902,20211211
181,0,0,0,0,0,1,1,20210902,20211211
182,1,1,1,1,1,1,1,20210902,20211211
183,0,0,0,0,0,0,1,20210902,20211211
184,1,1,1,1,1,0,0,20210902,20211211
185,1,0,0,0,0,0,0,20210902,20211211
186,0,0,0,0,0,0,0,20210902,20211211
187,0,0,0,0,0,1,1,20210902,20211211
188,1,1,1,1,1,1,0,20210902,20211211
189,0,0,0,0,0,0,0,20210902,20211211
19,1,1,1,1,1,0,0,20210902,20211211
190,1,0,1,1,1,0,0,20210902,20211211
191,0,0,0,0,0,0,0,20210902,20211211
192,0,0,0,0,1,1,0,20210902,20211211
193,0,0,0,0,0,0,0,20210902,20211211
194,0,0,0,0,0,0,0,20210902,20211211
195,0,0,0,0,0,1,0,20210902,20211211
196,0,0,0,0,0,1,0,20210902,20211211
197,0,0,0,0,0,0,1,20210902,20211211
198,1,1,1,1,1,1,1,20210902,20211211
199,0,0,0,0,0,1,1,20210902,20211211
2,0,0,0,0,0,0,0,20210902,20211211
20,1,1,1,1,1,0,0,20210902,20211211
200,1,1,1,1,1,0,0,20210902,20211211
201,1,1,1,1,1,0,0,20210902,20211211
202,1,1,1,1,1,1,1,20210902,20211211
203,0,0,0,0,0,0,0,20210902,20211211
204,1,1,1,1,1,1,1,20210902,20211211
205,0,0,0,0,0,0,0,20210902,20211211
206,1,1,1,1,1,1,1,20210902,20211211
207,1,1,1,1,1,1,1,20210902,20211211
208,1,1,1,1,1,1,1,20210902,20211211
209,1,1,1,1,1,1,1,20210902,20211211
21,1,1,1,1,1,1,0,20210902,20211211
210,1,1,1,1,1,1,1,20210902,20211211
211,1,1,1,1,1,1,1,20210902,20211211
212,1,1,1,1,1,1,1,20210902,20211211
213,0,0,0,0,0,0,0,20210902,20211211
214,0,0,0,0,0,0,0,20210902,20211211
215,0,0,0,0,0,0,0,20210902,20211211
216,0,0,0,0,0,0,0,20210902,20211211
217,0,0,0,0,0,0,0,20210902,20211211
218,0,0,0,0,0,0,0,20210902,20211211
219,0,0,0,0,0,0,0,20210902,20211211
22,0,0,0,0,0,1,1,20210902,20211211
220,0,0,0,0,0,0,0,20210902,20211211
221,0,0,0,0,0,0,0,20210902,20211211
222,0,0,0,0,0,0,0,20210902,20211211
223,1,1,1,1,1,1,1,20210902,20211211
224,0,0,0,0,0,0,0,20210902,20211211
225,1,1,1,1,1,1,1,20210902,20211211
226,1,1,1,1,1,1,1,20210902,20211211
227,0,0,0,0,0,0,0,20210902,20211211
228,0,0,0,0,0,0,0,20210902,20211211
229,0,0,0,0,0,0,0,20210902,20211211
23,0,0,0,0,0,1,1,20210902,20211211
230,1,1,1,1,1,1,1,20210902,20211211
231,0,0,0,0,0,0,0,20210902,20211211
232,0,0,0,0,0,0,0,20210902,20211211
233,1,1,1,1,1,1,1,20210902,20211211
234,0,0,0,0,0,0,0,20210902,20211211
235,0,0,0,0,0,0,0,20210902,20211211
236,1,1,1,1,1,0,0,20210902,20211211
237,0,0,0,0,0,1,1,20210902,20211211
238,0,0,0,0,0,0,0,20210902,20211211
239,1,1,1,0,0,0,0,20210902,20211211
24,1,1,1,1,1,0,1,20210902,20211211
240,0,0,0,0,0,0,0,20210902,20211211
241,0,0,0,0,0,0,0,20210902,20211211
242,1,1,1,1,1,0,0,20210902,20211211
243,0,0,0,0,0,0,0,20210902,20211211
244,0,0,0,0,0,0,0,20210902,20211211
245,0,0,0,0,0,0,0,20210902,20211211
246,0,0,0,0,0,0,0,20210902,20211211
247,0,0,0,0,0,0,0,20210902,20211211
248,0,0,0,0,0,0,0,20210902,20211211
249,0,0,0,0,0,0,0,20210902,20211211
25,1,1,1,0,0,1,0,20210902,20211211
250,0,0,0,0,0,0,0,20210902,20211211
251,0,0,0,0,0,0,0,20210902,20211211
252,0,0,0,0,0,0,0,20210902,20211211
253,0,0,0,0,0,0,0,20210902,20211211
254,0,0,0,0,0,0,0,20210902,20211211
255,0,0,0,0,0,0,0,20210902,20211211
256,0,0,0,0,0,0,0,20210902,20211211
257,0,0,0,0,0,0,0,20210902,20211211
258,0,0,0,0,0,0,0,20210902,20211211
259,0,0,0,0,0,0,0,20210902,20211211
26,1,1,1,1,1,0,0,20210902,20211211
260,0,0,0,0,1,1,0,20210902,20211211
261,0,0,0,0,0,0,1,20210902,20211211
262,1,1,1,1,0,0,1,20210902,20211211
263,1,1,1,1,1,1,0,20210902,20211211
264,0,0,0,0,0,0,0,20210902,20211211
265,0,0,0,0,0,0,0,20210902,20211211
266,0,0,0,0,0,0,0,20210902,20211211
267,1,1,1,1,1,0,0,20210902,20211211
268,0,0,0,0,0,0,0,20210902,20211211
269,1,1,1,1,1,0,0,20210902,20211211
27,0,0,0,0,0,0,1,20210902,20211211
270,0,0,0,0,0,0,0,20210902,20211211
271,1,1,1,1,0,0,0,20210902,20211211
272,0,0,0,0,0,1,1,20210902,20211211
273,0,0,0,0,0,0,0,20210902,20211211
274,1,1,1,1,1,1,1,20210902,20211211
275,1,1,1,1,1,0,0,20210902,20211211
276,1,1,1,1,1,1,1,20210902,20211211
277,0,0,0,0,0,0,0,20210902,20211211
278,1,1,1,1,1,1,0,20210902,20211211
279,1,1,1,1,1,1,1,20210902,20211211
28,1,1,1,0,0,1,1,20210902,20211211
280,0,0,0,0,0,0,0,20210902,20211211
281,0,0,0,0,0,0,0,20210902,20211211
282,0,0,0,0,0,0,0,20210902,20211211
283,0,0,0,0,0,0,0,20210902,20211211
284,0,0,0,0,0,0,0,20210902,20211211
285,1,1,1,1,1,0,0,20210902,20211211
286,1,1,1,1,1,1,1,20210902,20211211
287,1,0,0,0,0,0,0,20210902,20211211
288,0,0,0,0,0,0,0,20210902,20211211
289,1,1,1,1,1,1,0,20210902,20211211
29,0,0,0,0,0,1,0,20210902,20211211
290,0,0,0,0,0,0,0,20210902,20211211
291,1,1,1,1,1,0,0,20210902,20211211
292,0,0,0,0,0,1,1,20210902,20211211
293,1,1,1,1,1,1,1,20210902,20211211
294,1,1,1,1,1,1,1,20210902,20211211
295,1,1,1,1,1,1,1,20210902,20211211
296,1,1,1,1,1,1,1,20210902,20211211
297,1,1,1,1,1,1,1,20210902,20211211
298,0,0,0,0,0,0,0,20210902,20211211
299,1,1,1,1,1,1,1,20210902,20211211
3,0,0,0,0,0,0,0,20210902,20211211
30,1,1,1,1,1,0,0,20210902,20211211
300,0,0,0,0,0,0,0,20210902,20211211
301,1,1,1,1,1,0,0,20210902,20211211
302,1,1,1,1,1,1,1,20210902,20211211
303,0,0,0,0,0,0,0,20210902,20211211
304,1,1,1,1,1,1,1,20210902,20211211
305,1,1,1,1,1,1,1,20210902,20211211
306,0,0,0,0,0,0,0,20210902,20211211
307,0,0,0,0,0,0,0,20210902,20211211
308,1,1,1,1,1,1,0,20210902,20211211
309,1,1,1,1,1,1,1,20210902,20211211
31,0,0,0,0,0,0,1,20210902,20211211
310,1,1,1,1,1,0,0,20210902,20211211
311,0,0,0,0,0,0,0,20210902,20211211
312,0,0,0,0,0,0,0,20210902,20211211
313,0,0,0,0,0,0,0,20210902,20211211
314,1,1,1,1,1,0,0,20210902,20211211
315,0,0,0,0,0,0,0,20210902,20211211
316,1,1,1,1,1,1,1,20210902,20211211
317,1,1,1,1,1,1,0,20210902,20211211
318,0,0,0,0,0,0,0,20210902,20211211
319,0,0,0,0,0,0,0,20210902,20211211
32,1,1,1,1,1,1,1,20210902,20211211
320,1,1,1,1,1,1,1,20210902,20211211
321,1,1,1,1,1,1,1,20210902,20211211
322,1,1,1,1,1,1,1,20210902,20211211
323,0,0,0,0,0,0,0,20210902,20211211
324,0,0,0,0,0,0,0,20210902,20211211
325,0,0,0,0,0,1,1,20210902,20211211
326,0,0,0,0,0,0,0,20210902,20211211
327,0,0,0,0,0,0,0,20210902,20211211
328,0,0,0,0,0,0,0,20210902,20211211
329,0,0,0,0,0,0,0,20210902,20211211
33,1,1,1,1,1,0,1,20210902,20211211
330,0,0,0,0,0,0,0,20210902,20211211
331,0,0,0,0,0,0,0,20210902,20211211
332,0,0,0,0,0,0,0,20210902,20211211
333,1,1,1,1,1,1,1,20210902,20211211
334,0,0,0,0,0,0,0,20210902,20211211
335,1,1,1,1,1,1,1,20210902,20211211
336,0,0,0,0,0,1,1,20210902,20211211
337,1,1,1,1,1,0,0,20210902,20211211
338,1,1,1,1,1,1,1,20210902,20211211
339,1,1,1,1,1,1,1,20210902,20211211
34,0,0,0,0,0,1,1,20210902,20211211
340,1,1,1,1,1,1,1,20210902,20211211
341,1,1,1,1,1,1,1,20210902,20211211
342,1,1,1,1,1,1,1,20210902,20211211
343,1,1,1,1,1,1,1,20210902,20211211
344,1,1,1,1,1,1,1,20210902,20211211
345,0,0,0,0,0,0,0,20210902,20211211
346,0,0,0,0,0,0,0,20210902,20211211
347,1,1,1,1,1,0,0,20210902,20211211
348,1,1,1,1,1,1,0,20210902,20211211
349,0,0,0,0,0,0,0,20210902,20211211
35,1,1,1,0,0,0,1,20210902,20211211
350,0,0,0,0,0,0,0,20210902,20211211
351,0,0,0,0,0,0,0,20210902,20211211
352,0,0,0,0,0,0,0,20210902,20211211
353,1,1,1,1,1,0,0,20210902,20211211
354,1,1,1,1,1,1,1,20210902,20211211
355,0,0,0,0,0,0,0,20210902,20211211
356,0,0,0,0,0,0,0,20210902,20211211
357,0,0,0,0,0,0,0,20210902,20211211
358,0,0,0,0,0,1,1,20210902,20211211
359,1,1,1,1,1,1,1,20210902,20211211
36,1,1,1,1,1,0,0,20210902,20211211
360,1,1,1,1,1,1,1,20210902,20211211
361,1,1,1,1,1,1,1,20210902,20211211
362,0,0,0,0,0,0,0,20210902,20211211
363,0,0,0,0,0,0,0,20210902,20211211
364,0,0,0,0,0,0,0,20210902,20211211
365,1,1,1,1,1,0,0,20210902,20211211
366,0,0,0,0,0,0,0,20210902,20211211
367,1,1,1,1,1,1,1,20210902,20211211
368,1,1,1,1,1,1,1,20210902,20211211
369,1,1,1,1,1,1,1,20210902,20211211
37,0,0,0,0,0,0,0,20210902,20211211
370,0,0,0,0,0,1,1,20210902,20211211
371,1,1,1,1,1,1,1,20210902,20211211
372,1,1,1,1,1,1,1,20210902,20211211
373,0,0,0,0,0,0,0,20210902,20211211
374,1,1,1,1,1,1,1,20210902,20211211
375,1,1,1,1,1,0,0,20210902,20211211
376,1,1,1,1,1,1,1,20210902,20211211
377,0,0,0,0,0,0,0,20210902,20211211
378,0,0,0,0,0,0,0,20210902,20211211
379,0,0,0,0,0,0,0,20210902,20211211
38,0,0,0,0,0,0,0,20210902,20211211
380,0,0,0,0,0,0,0,20210902,20211211
381,0,0,0,0,0,0,0,20210902,20211211
382,0,0,0,0,0,0,0,20210902,20211211
383,0,0,0,0,0,1,1,20210902,20211211
384,1,1,1,1,1,1,1,20210902,20211211
385,0,0,0,0,0,0,0,20210902,20211211
386,0,0,0,0,0,0,0,20210902,20211211
387,1,1,1,1,1,1,1,20210902,20211211
388,0,0,0,0,0,0,0,20210902,20211211
389,0,0,0,0,0,1,1,20210902,20211211
39,0,0,0,0,0,0,0,20210902,20211211
390,1,1,1,1,1,1,1,20210902,20211211
391,1,1,1,1,1,1,1,20210902,20211211
392,1,1,1,1,1,1,1,20210902,20211211
393,1,1,1,1,1,0,0,20210902,20211211
394,1,1,1,1,1,0,0,20210902,20211211
395,1,1,1,1,1,0,0,20210902,20211211
396,0,0,0,0,0,0,0,20210902,20211211
397,0,0,0,0,0,1,1,20210902,20211211
398,1,1,1,1,1,1,1,20210902,20211211
399,0,0,0,0,0,1,1,20210902,20211211
4,0,0,0,0,0,0,0,20210902,20211211
40,0,0,0,0,0,0,0,20210902,20211211
400,1,1,1,1,1,1,1,20210902,20211211
401,0,0,0,0,0,0,0,20210902,20211211
402,0,0,0,0,0,0,0,20210902,20211211
403,0,0,0,0,0,0,0,20210902,20211211
404,0,0,0,0,1,1,0,20210902,20211211
405,0,0,0,0,0,0,0,20210902,20211211
406,0,0,0,0,0,0,0,20210902,20211211
407,1,1,1,1,1,1,1,20210902,20211211
408,1,1,1,1,0,0,1,20210902,20211211
409,1,1,1,1,1,1,1,20210902,20211211
41,1,1,1,0,0,0,0,20210902,20211211
410,0,0,0,0,0,0,0,20210902,20211211
411,0,0,0,0,0,0,0,20210902,20211211
412,0,0,0,0,0,0,0,20210902,20211211
413,0,0,0,0,0,0,0,20210902,20211211
414,0,0,0,0,0,0,0,20210902,20211211
415,0,0,0,0,0,0,0,20210902,20211211
416,0,0,0,0,0,0,0,20210902,20211211
417,0,0,0,0,0,0,0,20210902,20211211
418,0,0,0,0,0,0,0,20210902,20211211
419,0,0,0,0,0,0,0,20210902,20211211
42,0,0,0,0,0,0,1,20210902,20211211
420,0,0,0,0,0,0,0,20210902,20211211
421,0,0,0,0,0,0,0,20210902,20211211
422,0,0,0,0,0,0,0,20210902,20211211
423,0,0,0,0,0,1,1,20210902,20211211
424,0,0,0,0,0,1,1,20210902,20211211
425,0,0,0,0,0,1,1,20210902,20211211
426,1,1,1,1,1,1,1,20210902,20211211
427,0,0,0,0,1,1,1,20210902,20211211
428,0,0,0,0,1,1,1,20210902,20211211
429,0,0,0,0,0,0,0,20210902,20211211
43,0,0,0,0,0,0,0,20210902,20211211
430,0,1,1,1,1,0,0,20210902,20211211
431,1,0,0,0,0,0,0,20210902,20211211
432,1,1,1,1,1,1,1,20210902,20211211
433,1,1,1,1,1,1,1,20210902,20211211
434,0,0,0,0,1,1,0,20210902,20211211
435,1,1,1,1,1,0,1,20210902,20211211
436,1,1,1,1,0,0,0,20210902,20211211
437,1,1,1,1,0,0,0,20210902,20211211
438,0,0,0,0,0,0,0,20210902,20211211
439,1,1,1,1,1,0,1,20210902,20211211
44,0,0,0,0,0,0,0,20210902,20211211
440,1,1,1,1,1,0,0,20210902,20211211
441,1,1,1,1,1,1,1,20210902,20211211
442,1,1,1,1,1,1,1,20210902,20211211
443,1,1,1,1,1,1,1,20210902,20211211
444,0,0,0,0,0,0,0,20210902,20211211
445,0,0,0,0,0,0,0,20210902,20211211
446,0,0,0,0,0,0,0,20210902,20211211
447,1,1,1,1,1,1,1,20210902,20211211
448,1,1,1,1,1,0,1,20210902,20211211
449,1,1,1,1,0,0,0,20210902,20211211
45,0,0,0,0,0,0,1,20210902,20211211
450,0,0,0,0,0,0,0,20210902,20211211
451,1,1,1,1,1,1,1,20210902,20211211
452,0,0,0,0,0,0,0,20210902,20211211
453,1,1,1,1,1,1,1,20210902,20211211
454,0,0,0,0,1,1,0,20210902,20211211
455,0,0,0,0,0,0,0,20210902,20211211
456,0,0,0,0,0,0,0,20210902,20211211
457,1,1,1,1,1,1,1,20210902,20211211
458,1,1,1,1,1,1,1,20210902,20211211
459,0,0,0,0,0,0,0,20210902,20211211
46,0,0,0,0,0,1,0,20210902,20211211
460,1,1,1,1,1,1,0,20210902,20211211
461,1,1,1,1,1,1,1,20210902,20211211
462,0,0,0,0,0,0,0,20210902,20211211
463,0,0,0,0,0,0,0,20210902,20211211
464,1,1,1,1,1,0,0,20210902,20211211
465,1,1,1,1,1,1,1,20210902,20211211
466,1,1,1,1,1,1,1,20210902,20211211
467,0,0,0,0,0,0,0,20210902,20211211
468,1,1,1,1,1,1,1,20210902,20211211
469,1,1,1,1,1,1,1,20210902,20211211
47,0,0,0,0,0,0,1,20210902,20211211
470,1,1,1,1,1,1,1,20210902,20211211
471,0,0,0,0,0,0,0,20210902,20211211
472,0,0,0,0,0,0,0,20210902,20211211
473,0,0,0,0,0,0,0,20210902,20211211
474,0,0,0,0,0,0,0,20210902,20211211
475,0,0,0,0,0,0,0,20210902,20211211
476,0,0,0,0,0,0,0,20210902,20211211
477,0,0,0,0,0,0,0,20210902,20211211
478,0,0,0,0,0,0,0,20210902,20211211
479,0,0,0,0,0,0,0,20210902,20211211
48,0,0,0,0,0,1,0,20210902,20211211
480,0,0,0,0,0,0,0,20210902,20211211
481,0,0,0,0,0,0,0,20210902,20211211
482,0,0,0,0,0,0,0,20210902,20211211
483,0,0,0,0,0,0,0,20210902,20211211
484,0,0,0,0,0,0,0,20210902,20211211
485,0,0,0,0,0,0,0,20210902,20211211
486,1,1,1,1,1,1,0,20210902,20211211
487,1,1,1,1,1,1,1,20210902,20211211
488,0,0,0,0,0,1,1,20210902,20211211
489,0,0,0,0,0,0,0,20210902,20211211
49,0,0,0,0,1,1,0,20210902,20211211
490,1,1,1,0,0,0,0,20210902,20211211
491,0,0,0,0,0,0,0,20210902,20211211
492,1,1,1,0,0,1,1,20210902,20211211
493,0,0,0,0,0,0,0,20210902,20211211
494,1,1,1,1,1,1,1,20210902,20211211
495,0,0,0,0,0,0,0,20210902,20211211
496,1,1,1,0,0,1,1,20210902,20211211
497,0,0,0,0,0,0,0,20210902,20211211
498,0,0,0,0,0,0,0,20210902,20211211
499,0,0,0,0,0,0,1,20210902,20211211
5,0,0,0,0,0,1,1,20210902,20211211
50,1,1,1,1,0,0,1,20210902,20211211
500,1,1,1,1,1,0,0,20210902,20211211
501,0,0,0,0,0,1,0,20210902,20211211
502,1,0,0,0,0,0,0,20210902,20211211
503,0,0,0,0,0,0,0,20210902,20211211
504,0,0,0,0,0,0,0,20210902,20211211
505,0,0,0,0,0,0,0,20210902,20211211
506,0,0,0,0,0,0,0,20210902,20211211
507,0,0,0,0,0,0,0,20210902,20211211
508,0,0,0,0,0,0,0,20210902,20211211
509,0,0,0,0,0,0,0,20210902,20211211
51,1,1,1,1,1,0,0,20210902,20211211
510,0,0,0,0,0,0,0,20210902,20211211
511,0,0,0,0,1,0,0,20210902,20211211
512,1,1,1,1,0,0,0,20210902,20211211
513,1,1,1,1,1,1,1,20210902,20211211
514,1,1,1,1,1,0,0,20210902,20211211
515,0,0,0,0,0,0,0,20210902,20211211
516,0,0,0,0,0,1,1,20210902,20211211
517,0,0,0,0,0,0,0,20210902,20211211
518,0,0,0,0,0,0,0,20210902,20211211
519,1,1,1,1,1,1,1,20210902,20211211
52,0,0,0,0,0,0,0,20210902,20211211
520,1,1,1,1,1,1,1,20210902,20211211
521,0,0,0,0,0,0,0,20210902,20211211
522,0,0,0,0,0,0,0,20210902,20211211
523,1,1,1,1,1,1,1,20210902,20211211
524,0,0,0,0,0,0,0,20210902,20211211
525,0,0,0,0,0,0,0,20210902,20211211
526,1,1,1,1,1,1,1,20210902,20211211
527,0,0,0,0,0,0,0,20210902,20211211
528,0,0,0,0,0,0,0,20210902,20211211
529,0,0,0,0,0,0,0,20210902,20211211
53,0,0,0,0,0,1,0,20210902,20211211
530,0,0,0,0,0,0,0,20210902,20211211
531,0,0,0,0,0,0,0,20210902,20211211
532,0,0,0,0,0,0,0,20210902,20211211
533,0,0,0,0,0,0,0,20210902,20211211
534,0,0,0,0,0,1,1,20210902,20211211
535,1,1,1,1,1,1,1,20210902,20211211
536,1,1,1,1,1,1,0,20210902,20211211
537,1,1,1,1,1,1,1,20210902,20211211
538,1,1,1,1,1,1,1,20210902,20211211
539,0,0,0,0,0,0,0,20210902,20211211
54,0,0,0,0,1,0,0,20210902,20211211
540,0,0,0,0,0,1,1,20210902,20211211
541,1,1,1,1,1,0,0,20210902,20211211
542,1,1,1,1,1,0,0,20210902,20211211
543,0,0,0,0,0,0,0,20210902,20211211
544,1,1,1,1,1,1,1,20210902,20211211
545,1,1,1,1,1,1,1,20210902,20211211
546,0,0,0,0,0,0,1,20210902,20211211
547,0,0,0,0,0,0,0,20210902,20211211
548,1,1,1,1,1,1,1,20210902,20211211
549,0,0,0,0,0,0,0,20210902,20211211
55,0,0,0,0,1,0,0,20210902,20211211
550,1,1,1,1,1,1,1,20210902,20211211
551,1,1,1,1,1,0,0,20210902,20211211
552,1,1,1,1,1,0,0,20210902,20211211
553,1,1,1,1,1,1,1,20210902,20211211
554,1,1,1,1,1,1,1,20210902,20211211
555,0,0,0,0,0,1,1,20210902,20211211
556,0,0,0,0,0,0,0,20210902,20211211
557,0,0,0,0,0,0,0,20210902,20211211
558,1,1,1,1,1,1,1,20210902,20211211
559,1,1,1,1,1,1,1,20210902,20211211
56,1,1,1,1,0,0,0,20210902,20211211
560,1,1,1,1,1,1,1,20210902,20211211
561,0,0,0,0,0,0,0,20210902,20211211
562,0,0,0,0,0,0,0,20210902,20211211
563,0,0,0,0,0,0,0,20210902,20211211
564,0,0,0,0,0,1,1,20210902,20211211
565,0,0,0,0,0,0,0,20210902,20211211
566,1,1,1,1,1,0,0,20210902,20211211
567,1,1,1,1,1,1,1,20210902,20211211
568,1,1,1,1,1,1,1,20210902,20211211
569,1,1,1,1,1,1,1,20210902,20211211
57,1,1,1,1,1,1,1,20210902,20211211
570,1,1,1,1,1,1,1,20210902,20211211
571,1,1,1,1,1,1,1,20210902,20211211
572,1,1,1,1,1,0,0,20210902,20211211
573,0,0,0,0,0,0,0,20210902,20211211
574,1,1,1,1,1,1,1,20210902,20211211
575,1,1,1,1,1,1,1,20210902,20211211
576,1,1,1,1,1,1,1,20210902,20211211
577,1,1,1,1,1,1,1,20210902,20211211
578,1,1,1,1,1,0,0,20210902,20211211
579,1,1,1,1,1,1,1,20210902,20211211
58,0,0,0,0,0,0,0,20210902,20211211
580,1,1,1,1,1,1,1,20210902,20211211
581,1,1,1,1,1,0,0,20210902,20211211
582,1,1,1,1,0,0,1,20210902,20211211
583,0,0,0,0,1,0,0,20210902,20211211
584,0,0,0,0,0,0,0,20210902,20211211
585,1,1,1,1,1,1,1,20210902,20211211
586,0,0,0,0,0,0,0,20210902,20211211
587,0,0,0,0,0,1,1,20210902,20211211
588,1,1,1,1,0,1,1,20210902,20211211
589,0,0,0,0,0,0,0,20210902,20211211
59,0,0,0,0,1,1,0,20210902,20211211
590,0,0,0,0,0,0,0,20210902,20211211
591,0,0,0,0,0,0,0,20210902,20211211
592,0,0,0,0,0,0,0,20210902,20211211
593,1,1,1,1,1,0,0,20210902,20211211
594,1,1,1,1,1,0,0,20210902,20211211
595,1,1,1,1,1,0,0,20210902,20211211
596,0,0,0,0,0,0,0,20210902,20211211
597,1,1,1,1,1,0,0,20210902,20211211
598,0,0,0,0,0,0,0,20210902,20211211
599,0,0,0,0,0,1,0,20210902,20211211
6,0,0,0,0,0,0,0,20210902,20211211
60,0,0,0,0,0,0,0,20210902,20211211
600,1,1,1,1,1,0,0,20210902,20211211
601,1,1,1,1,1,0,0,20210902,20211211
602,1,1,1,1,1,0,0,20210902,20211211
603,0,0,0,0,0,0,1,20210902,20211211
604,0,0,0,0,0,0,0,20210902,20211211
605,0,0,0,0,0,0,0,20210902,20211211
606,0,0,0,0,0,0,0,20210902,20211211
607,0,0,0,0,0,0,0,20210902,20211211
608,0,0,0,0,0,0,0,20210902,20211211
609,0,0,0,0,0,0,0,20210902,20211211
61,0,0,0,0,0,0,0,20210902,20211211
610,0,0,0,0,0,0,0,20210902,20211211
611,0,0,0,0,0,0,0,20210902,20211211
612,0,0,0,0,0,0,0,20210902,20211211
613,1,1,1,1,1,0,0,20210902,20211211
614,1,1,1,1,1,1,0,20210902,20211211
615,1,1,1,1,1,0,1,20210902,20211211
616,0,0,0,0,0,0,0,20210902,20211211
617,1,1,1,1,1,0,0,20210902,20211211
618,0,0,0,0,0,1,0,20210902,20211211
619,0,0,0,0,0,1,1,20210902,20211211
62,0,0,0,0,0,0,0,20210902,20211211
620,1,1,1,1,1,1,1,20210902,20211211
621,0,0,0,0,0,0,1,20210902,20211211
622,0,0,0,0,0,0,0,20210902,20211211
623,1,1,1,1,1,0,0,20210902,20211211
624,0,0,0,0,0,1,1,20210902,20211211
625,0,0,0,0,0,0,0,20210902,20211211
626,0,0,0,0,0,0,0,20210902,20211211
627,0,0,0,0,1,0,0,20210902,20211211
628,0,0,0,0,1,0,0,20210902,20211211
629,1,1,1,1,0,0,0,20210902,20211211
63,0,0,0,0,0,0,0,20210902,20211211
630,0,0,0,0,0,1,0,20210902,20211211
631,0,0,0,0,0,0,0,20210902,20211211
632,0,0,0,0,0,0,0,20210902,20211211
633,0,0,0,0,0,0,0,20210902,20211211
634,0,0,0,0,0,0,0,20210902,20211211
635,0,0,0,0,0,0,0,20210902,20211211
636,0,0,0,0,0,0,0,20210902,20211211
637,1,1,1,1,1,1,1,20210902,20211211
638,1,1,1,1,1,1,1,20210902,20211211
639,1,1,1,1,1,1,1,20210902,20211211
64,0,0,0,0,0,0,1,20210902,20211211
640,0,0,0,0,1,1,0,20210902,20211211
641,1,1,1,1,1,1,0,20210902,20211211
642,0,0,0,0,0,0,0,20210902,20211211
643,1,1,1,1,1,1,1,20210902,20211211
644,0,0,0,0,0,0,0,20210902,20211211
645,1,1,1,1,1,0,1,20210902,20211211
646,0,0,0,0,0,0,1,20210902,20211211
647,0,0,0,0,0,0,0,20210902,20211211
648,0,0,0,0,0,0,0,20210902,20211211
649,0,0,0,0,0,0,0,20210902,20211211
65,0,0,0,0,0,0,0,20210902,20211211
650,0,0,0,0,0,0,0,20210902,20211211
651,0,0,0,0,0,0,0,20210902,20211211
652,0,0,0,0,0,0,0,20210902,20211211
653,0,0,0,0,1,1,0,20210902,20211211
654,1,1,1,1,1,1,0,20210902,20211211
655,1,1,1,1,1,1,1,20210902,20211211
656,1,1,1,1,1,1,1,20210902,20211211
657,1,1,1,1,0,0,1,20210902,20211211
658,0,0,0,0,0,0,0,20210902,20211211
659,0,0,0,0,0,0,0,20210902,20211211
66,0,0,0,0,0,0,0,20210902,20211211
660,0,0,0,0,0,0,0,20210902,20211211
661,0,0,0,0,0,0,0,20210902,20211211
662,0,0,0,0,0,0,0,20210902,20211211
663,0,0,0,0,0,0,0,20210902,20211211
664,1,1,1,1,0,0,1,20210902,20211211
665,0,0,0,0,1,1,0,20210902,20211211
666,1,1,1,1,0,1,1,20210902,20211211
667,0,0,0,0,0,0,0,20210902,20211211
668,1,1,1,1,0,0,1,20210902,20211211
669,0,0,0,0,1,1,0,20210902,20211211
67,0,0,0,0,0,1,1,20210902,20211211
670,1,1,1,1,1,0,0,20210902,20211211
671,0,0,0,0,0,0,1,20210902,20211211
672,1,1,1,1,1,1,1,20210902,20211211
673,1,1,1,1,0,0,1,20210902,20211211
674,0,0,0,0,1,1,0,20210902,20211211
675,0,0,0,0,0,1,0,20210902,20211211
676,0,0,0,0,0,1,0,20210902,20211211
677,0,0,0,0,1,0,0,20210902,20211211
678,0,0,0,0,0,0,0,20210902,20211211
679,0,0,0,0,0,0,0,20210902,20211211
68,0,0,0,0,0,1,0,20210902,20211211
680,0,0,0,0,0,0,0,20210902,20211211
681,1,1,1,1,0,0,1,20210902,20211211
682,0,0,0,0,0,1,0,20210902,20211211
683,0,0,0,0,1,1,0,20210902,20211211
684,0,0,0,0,0,0,0,20210902,20211211
685,0,0,0,0,0,0,0,20210902,20211211
686,0,0,0,0,0,0,0,20210902,20211211
687,0,0,0,0,0,0,0,20210902,20211211
688,0,0,0,0,0,0,0,20210902,20211211
689,0,0,0,0,0,0,0,20210902,20211211
69,0,0,0,0,0,0,0,20210902,20211211
690,0,0,0,0,0,0,0,20210902,20211211
691,0,0,0,0,0,0,0,20210902,20211211
692,0,0,0,0,0,0,0,20210902,20211211
693,0,0,0,0,0,0,0,20210902,20211211
694,0,0,0,0,0,0,0,20210902,20211211
695,0,0,0,0,0,0,0,20210902,20211211
696,0,0,0,0,0,0,0,20210902,20211211
697,0,0,0,0,0,0,0,20210902,20211211
698,0,0,0,0,0,0,0,20210902,20211211
699,0,0,0,0,0,0,0,20210902,20211211
7,0,0,0,0,0,0,0,20210902,20211211
70,0,0,0,0,0,0,1,20210902,20211211
700,1,1,1,1,0,0,1,20210902,20211211
701,0,0,0,0,0,1,0,20210902,20211211
702,0,0,0,0,0,1,1,20210902,20211211
703,1,1,1,1,1,1,1,20210902,20211211
704,1,1,1,1,0,1,1,20210902,20211211
705,1,1,1,1,0,0,0,20210902,20211211
706,0,0,0,0,1,1,1,20210902,20211211
707,0,0,0,0,0,0,0,20210902,20211211
708,1,1,1,1,1,1,1,20210902,20211211
709,1,1,1,1,1,1,1,20210902,20211211
71,0,0,0,0,0,1,0,20210902,20211211
710,0,0,0,0,0,0,1,20210902,20211211
711,0,0,0,0,1,1,0,20210902,20211211
712,1,1,1,1,1,1,1,20210902,20211211
713,1,1,1,1,0,0,1,20210902,20211211
714,0,0,0,0,1,0,0,20210902,20211211
715,1,1,1,1,0,1,1,20210902,20211211
716,1,1,1,1,1,1,1,20210902,20211211
717,1,1,1,1,0,0,1,20210902,20211211
718,1,1,1,1,1,1,0,20210902,20211211
719,1,1,1,1,1,1,1,20210902,20211211
72,0,0,0,0,0,1,1,20210902,20211211
720,1,1,1,1,1,1,1,20210902,20211211
721,1,1,1,1,1,0,0,20210902,20211211
722,0,0,0,0,0,1,1,20210902,20211211
723,1,1,1,1,1,0,0,20210902,20211211
724,1,1,1,1,0,1,1,20210902,20211211
725,0,0,0,0,1,1,1,20210902,20211211
726,1,1,1,1,1,0,1,20210902,20211211
727,1,1,1,1,1,1,1,20210902,20211211
728,1,1,1,1,1,1,1,20210902,20211211
729,1,1,1,1,0,0,0,20210902,20211211
73,1,1,1,1,1,1,1,20210902,20211211
730,0,0,0,0,1,1,1,20210902,20211211
731,1,1,1,1,1,0,0,20210902,20211211
732,0,0,0,0,0,1,1,20210902,20211211
733,0,0,0,0,0,0,0,20210902,20211211
734,0,0,0,0,0,0,0,20210902,20211211
735,1,1,1,1,1,1,1,20210902,20211211
736,1,1,1,1,0,0,1,20210902,20211211
737,1,1,1,1,1,1,0,20210902,20211211
738,1,1,1,1,1,1,1,20210902,20211211
739,0,0,0,0,0,0,0,20210902,20211211
74,0,0,0,0,0,0,0,20210902,20211211
740,1,1,1,1,1,0,0,20210902,20211211
741,1,1,1,1,1,1,1,20210902,20211211
742,1,1,1,1,1,1,1,20210902,20211211
743,1,1,1,1,1,1,1,20210902,20211211
744,1,1,1,1,1,1,1,20210902,20211211
745,1,1,1,1,0,0,1,20210902,20211211
746,1,1,1,1,1,1,1,20210902,20211211
747,1,1,1,1,1,1,1,20210902,20211211
748,1,1,1,1,1,1,0,20210902,20211211
749,0,0,0,0,0,1,0,20210902,20211211
75,0,0,0,0,0,0,1,20210902,20211211
750,0,0,0,0,0,0,1,20210902,20211211
751,1,1,1,1,1,1,1,20210902,20211211
752,1,1,1,1,1,1,1,20210902,20211211
753,0,0,0,0,0,0,0,20210902,20211211
754,0,0,0,0,0,0,1,20210902,20211211
755,1,1,1,1,1,0,0,20210902,20211211
756,1,1,1,1,1,1,0,20210902,20211211
757,1,1,1,1,1,0,0,20210902,20211211
758,1,1,1,1,1,0,0,20210902,20211211
759,1,1,1,1,1,1,1,20210902,20211211
76,0,0,0,0,0,1,0,20210902,20211211
760,1,1,1,1,1,1,0,20210902,20211211
761,1,1,1,1,1,1,0,20210902,20211211
762,1,1,1,1,1,1,0,20210902,20211211
763,1,1,1,1,0,0,1,20210902,20211211
764,0,0,0,0,0,1,0,20210902,20211211
765,0,0,0,0,0,0,1,20210902,20211211
766,1,1,1,1,1,1,1,20210902,20211211
767,1,1,1,1,1,1,1,20210902,20211211
768,1,1,1,1,1,1,1,20210902,20211211
769,1,1,1,1,1,0,1,20210902,20211211
77,0,0,0,0,1,0,0,20210902,20211211
770,1,1,1,1,1,1,0,20210902,20211211
771,1,1,1,1,1,1,1,20210902,20211211
772,1,1,1,1,1,1,1,20210902,20211211
773,0,0,0,0,0,0,0,20210902,20211211
774,0,0,0,0,0,0,0,20210902,20211211
775,0,0,0,0,0,0,0,20210902,20211211
776,0,0,0,0,0,0,0,20210902,20211211
777,0,0,0,0,0,0,0,20210902,20211211
778,0,0,0,0,0,0,0,20210902,20211211
779,1,1,1,1,0,0,1,20210902,20211211
78,0,0,0,0,0,0,0,20210902,20211211
780,0,0,0,0,0,0,0,20210902,20211211
781,1,1,1,1,1,0,0,20210902,20211211
782,0,0,0,0,0,0,0,20210902,20211211
783,1,1,1,1,0,0,1,20210902,20211211
784,0,0,0,0,0,0,0,20210902,20211211
785,1,1,1,1,1,1,1,20210902,20211211
786,1,1,1,1,1,1,1,20210902,20211211
787,1,1,1,1,1,1,1,20210902,20211211
788,0,0,0,0,0,0,1,20210902,20211211
789,1,1,1,1,1,1,1,20210902,20211211
79,0,0,0,0,0,0,0,20210902,20211211
790,0,0,0,0,1,1,0,20210902,20211211
791,1,1,1,1,1,0,0,20210902,20211211
792,1,1,1,1,1,0,0,20210902,20211211
793,1,1,1,1,1,0,0,20210902,20211211
794,0,0,0,0,0,0,0,20210902,20211211
795,1,1,1,1,1,0,0,20210902,20211211
796,0,0,0,0,0,0,0,20210902,20211211
797,0,0,0,0,0,0,0,20210902,20211211
798,0,0,0,0,0,0,0,20210902,20211211
799,0,0,0,0,0,1,1,20210902,20211211
8,0,0,0,0,0,0,1,20210902,20211211
80,1,1,1,1,0,0,0,20210902,20211211
800,1,1,1,1,1,1,1,20210902,20211211
801,1,1,1,1,1,0,0,20210902,20211211
802,1,1,1,1,1,0,0,20210902,20211211
803,1,1,1,1,1,0,0,20210902,20211211
804,1,1,1,1,1,0,1,20210902,20211211
805,1,1,1,1,1,1,1,20210902,20211211
806,1,1,1,1,0,0,1,20210902,20211211
807,0,0,0,0,1,1,0,20210902,20211211
808,0,0,0,0,0,0,0,20210902,20211211
809,0,0,0,0,0,0,0,20210902,20211211
81,0,0,0,0,0,1,1,20210902,20211211
810,1,1,1,1,1,1,1,20210902,20211211
811,1,1,1,1,1,1,1,20210902,20211211
812,1,1,1,1,1,0,0,20210902,20211211
813,1,1,1,1,0,0,1,20210902,20211211
814,1,1,1,1,1,1,1,20210902,20211211
815,1,1,1,1,0,0,1,20210902,20211211
816,1,1,1,1,0,0,1,20210902,20211211
817,0,0,0,0,0,1,0,20210902,20211211
818,1,1,1,1,1,1,1,20210902,20211211
819,0,0,0,0,0,1,1,20210902,20211211
82,0,0,0,0,0,0,1,20210902,20211211
820,0,0,0,0,1,1,0,20210902,20211211
821,1,1,1,1,0,0,1,20210902,20211211
822,0,0,0,0,0,0,1,20210902,20211211
823,1,1,1,1,1,0,0,20210902,20211211
824,0,0,0,0,0,0,1,20210902,20211211
825,0,0,0,0,0,0,0,20210902,20211211
826,1,1,1,1,1,0,0,20210902,20211211
827,0,0,0,0,0,1,1,20210902,20211211
828,0,0,0,0,0,1,0,20210902,20211211
829,0,0,0,0,0,0,0,20210902,20211211
83,0,0,0,0,0,1,0,20210902,20211211
830,0,0,0,0,0,0,0,20210902,20211211
831,0,0,0,0,0,0,0,20210902,20211211
832,0,0,0,0,0,0,0,20210902,20211211
833,0,0,0,0,0,0,0,20210902,20211211
834,1,1,1,1,0,0,1,20210902,20211211
835,1,1,1,1,1,1,1,20210902,20211211
836,1,1,1,1,1,0,0,20210902,20211211
837,1,1,1,1,1,0,0,20210902,20211211
838,1,1,1,1,1,0,1,20210902,20211211
839,0,0,0,0,0,0,1,20210902,20211211
84,0,0,0,0,0,1,0,20210902,20211211
840,0,0,0,0,0,0,0,20210902,20211211
841,1,1,1,1,1,0,0,20210902,20211211
842,1,1,1,1,1,0,0,20210902,20211211
843,1,1,1,1,1,0,0,20210902,20211211
844,1,1,1,1,1,0,0,20210902,20211211
845,1,1,1,1,1,0,0,20210902,20211211
846,1,1,1,1,1,1,1,20210902,20211211
847,1,1,1,1,1,1,1,20210902,20211211
848,1,1,1,1,1,1,0,20210902,20211211
849,1,1,1,1,1,1,1,20210902,20211211
85,1,1,1,1,1,0,0,20210902,20211211
850,1,1,1,1,1,1,1,20210902,20211211
851,0,0,0,0,0,0,0,20210902,20211211
852,1,1,1,1,1,1,1,20210902,20211211
853,1,1,1,1,1,1,1,20210902,20211211
854,1,1,1,1,0,0,1,20210902,20211211
855,1,1,1,1,1,1,0,20210902,20211211
856,1,1,1,1,1,1,1,20210902,20211211
857,1,1,1,1,1,0,1,20210902,20211211
858,0,0,0,0,1,1,0,20210902,20211211
859,0,0,0,0,0,1,0,20210902,20211211
86,0,0,0,0,1,0,0,20210902,20211211
860,0,0,0,0,0,1,1,20210902,20211211
861,1,1,1,1,1,1,0,20210902,20211211
862,1,1,1,1,1,1,1,20210902,20211211
863,1,1,1,1,1,1,1,20210902,20211211
864,1,1,1,1,1,0,1,20210902,20211211
865,1,1,1,1,1,1,1,20210902,20211211
866,0,0,0,0,1,1,0,20210902,20211211
867,1,1,1,1,0,0,1,20210902,20211211
868,0,0,0,0,0,0,1,20210902,20211211
869,1,1,1,1,1,0,1,20210902,20211211
87,1,1,1,1,0,1,0,20210902,20211211
870,0,0,0,0,1,1,0,20210902,20211211
871,1,1,1,1,0,0,1,20210902,20211211
872,0,0,0,0,1,1,0,20210902,20211211
873,1,1,1,1,1,0,1,20210902,20211211
874,0,0,0,0,0,0,0,20210902,20211211
875,0,0,0,0,0,0,0,20210902,20211211
876,0,0,0,0,0,0,0,20210902,20211211
877,0,0,0,0,0,0,0,20210902,20211211
878,0,0,0,0,0,0,0,20210902,20211211
879,0,0,0,0,0,0,0,20210902,20211211
88,0,0,0,0,0,0,0,20210902,20211211
880,0,0,0,0,0,0,0,20210902,20211211
881,0,0,0,0,0,0,0,20210902,20211211
882,0,0,0,0,0,0,0,20210902,20211211
883,0,0,0,0,0,0,0,20210902,20211211
884,0,0,0,0,0,0,0,20210902,20211211
885,0,0,0,0,0,0,0,20210902,20211211
886,0,0,0,0,0,0,0,20210902,20211211
887,0,0,0,0,0,0,0,20210902,20211211
888,0,0,0,0,0,0,0,20210902,20211211
889,1,1,1,1,1,0,0,20210902,20211211
89,1,1,1,1,1,0,1,20210902,20211211
890,0,0,0,0,0,0,1,20210902,20211211
891,0,0,0,0,0,0,0,20210902,20211211
892,0,0,0,0,0,0,0,20210902,20211211
893,0,0,0,0,0,0,0,20210902,20211211
894,0,0,0,0,0,0,0,20210902,20211211
895,0,0,0,0,0,0,0,20210902,20211211
896,0,0,0,0,0,0,0,20210902,20211211
897,0,0,0,0,0,0,0,20210902,20211211
898,0,0,0,0,0,0,0,20210902,20211211
899,0,0,0,0,0,0,0,20210902,20211211
9,0,0,0,0,0,1,0,20210902,20211211
90,0,0,0,0,0,1,1,20210902,20211211
900,0,0,0,0,0,0,0,20210902,20211211
901,0,0,0,0,0,0,0,20210902,20211211
902,0,0,0,0,0,0,0,20210902,20211211
903,0,0,0,0,0,0,0,20210902,20211211
904,0,0,0,0,0,0,0,20210902,20211211
905,0,0,0,0,0,0,0,20210902,20211211
906,0,0,0,0,0,0,0,20210902,20211211
907,0,0,0,0,0,0,0,20210902,20211211
908,0,0,0,0,0,0,0,20210902,20211211
909,0,0,0,0,0,0,0,20210902,20211211
91,1,1,1,1,1,0,0,20210902,20211211
910,0,0,0,0,0,0,0,20210902,20211211
911,0,0,0,0,0,0,0,20210902,20211211
912,1,1,1,1,0,0,1,20210902,20211211
913,1,1,1,1,1,1,0,20210902,20211211
914,1,1,1,1,1,1,1,20210902,20211211
915,0,0,0,0,0,1,0,20210902,20211211
916,0,0,0,0,1,0,0,20210902,20211211
917,0,0,0,0,0,0,0,20210902,20211211
918,1,1,1,1,0,0,1,20210902,20211211
919,1,1,1,1,0,0,1,20210902,20211211
92,1,1,1,1,1,0,0,20210902,20211211
920,1,1,1,1,0,0,1,20210902,20211211
921,1,1,1,1,1,1,1,20210902,20211211
922,0,0,0,0,0,0,0,20210902,20211211
923,1,1,1,1,0,0,1,20210902,20211211
924,1,1,1,1,0,0,1,20210902,20211211
925,1,1,1,1,1,0,0,20210902,20211211
926,0,0,0,0,0,0,1,20210902,20211211
927,1,1,1,1,1,1,1,20210902,20211211
928,1,1,1,1,1,1,1,20210902,20211211
929,1,1,1,1,1,1,1,20210902,20211211
93,0,0,0,0,1,0,0,20210902,20211211
930,1,1,1,1,1,1,1,20210902,20211211
931,0,0,0,0,0,0,0,20210902,20211211
932,1,1,1,1,1,0,1,20210902,20211211
933,1,1,1,1,0,0,1,20210902,20211211
934,0,0,0,0,1,1,0,20210902,20211211
935,0,0,0,0,1,1,0,20210902,20211211
936,0,0,0,0,0,0,0,20210902,20211211
937,1,1,1,1,1,1,1,20210902,20211211
938,0,0,0,0,1,0,0,20210902,20211211
939,1,1,1,1,1,0,1,20210902,20211211
94,0,0,0,0,0,1,0,20210902,20211211
940,1,1,1,1,1,1,1,20210902,20211211
941,1,1,1,1,1,0,1,20210902,20211211
942,1,1,1,1,0,0,1,20210902,20211211
943,1,1,1,1,1,0,0,20210902,20211211
944,0,0,0,0,0,1,1,20210902,20211211
945,0,0,0,0,0,0,0,20210902,20211211
946,0,0,0,0,0,0,0,20210902,20211211
947,0,0,0,0,0,0,0,20210902,20211211
948,0,1,1,1,0,0,0,20210902,20211211
949,0,1,0,0,0,0,0,20210902,20211211
95,0,0,0,0,0,1,1,20210902,20211211
950,1,1,1,1,1,1,0,20210902,20211211
951,0,0,0,0,0,0,0,20210902,20211211
952,1,1,1,1,1,0,0,20210902,20211211
953,0,0,0,0,0,1,1,20210902,20211211
954,0,0,0,0,0,0,0,20210902,20211211
955,1,1,1,1,1,0,0,20210902,20211211
956,1,1,1,1,1,1,1,20210902,20211211
957,1,1,1,1,1,1,1,20210902,20211211
958,0,0,0,0,0,0,0,20210902,20211211
959,1,0,1,1,1,0,0,20210902,20211211
96,0,0,0,0,0,1,0,20210902,20211211
960,0,0,0,0,0,0,0,20210902,20211211
961,1,1,1,1,1,0,0,20210902,20211211
962,0,0,0,0,0,0,0,20210902,20211211
963,1,0,0,0,0,0,0,20210902,20211211
964,0,0,0,0,0,0,0,20210902,20211211
965,1,1,1,1,1,0,0,20210902,20211211
966,0,0,0,0,0,0,0,20210902,20211211
967,0,0,1,1,1,0,0,20210902,20211211
968,0,0,0,0,1,1,1,20210902,20211211
969,1,1,1,1,1,0,0,20210902,20211211
97,0,0,0,0,0,1,1,20210902,20211211
970,1,1,1,1,1,1,1,20210902,20211211
971,1,1,1,1,1,1,0,20210902,20211211
972,1,1,1,1,1,1,1,20210902,20211211
973,0,0,0,0,0,0,0,20210902,20211211
974,0,0,0,0,0,0,0,20210902,20211211
975,0,0,1,0,1,0,0,20210902,20211211
976,1,1,0,1,0,0,0,20210902,20211211
977,1,0,1,1,0,0,0,20210902,20211211
978,1,1,0,1,1,0,0,20210902,20211211
979,0,0,0,0,0,0,0,20210902,20211211
98,0,0,0,0,0,0,0,20210902,20211211
980,0,0,0,0,0,0,0,20210902,20211211
981,1,1,1,1,1,1,1,20210902,20211211
982,0,0,0,0,0,0,0,20210902,20211211
983,1,1,1,1,1,0,0,20210902,20211211
984,1,1,1,1,1,0,0,20210902,20211211
985,0,0,0,0,0,1,1,20210902,20211211
986,1,1,1,0,0,0,0,20210902,20211211
987,0,0,0,1,1,0,0,20210902,20211211
988,1,1,1,0,0,1,1,20210902,20211211
989,1,1,1,0,1,0,0,20210902,20211211
99,0,0,0,0,0,0,0,20210902,20211211
990,1,1,1,1,1,1,0,20210902,20211211
991,0,0,0,0,0,0,0,20210902,20211211
992,1,1,1,1,0,0,0,20210902,20211211
993,1,1,1,1,1,0,0,20210902,20211211
994,0,1,1,1,1,0,0,20210902,20211211
995,1,0,1,1,1,0,0,20210902,20211211
996,1,1,1,1,1,0,0,20210902,20211211
997,1,1,1,1,1,0,0,20210902,20211211
998,1,1,1,1,1,0,0,20210902,20211211
999,0,0,0,0,0,0,0,20210902,20211211
